"","name","start","nation","product","dist","class","genre","director","people","screen","play"
"1","007 스펙터",42319,"영국","","유니버설픽쳐스인터내셔널 코리아(유)","15세이상관람가","액션,어드벤처,범죄,스릴러","샘 멘데스",1820728,1105,51939
"2","13시간",42432,"미국","","롯데쇼핑㈜롯데엔터테인먼트","15세이상관람가","액션,드라마,스릴러","마이클 베이",145946,380,9614
"3","19곰 테드 2",42180,"미국","","유니버설픽쳐스인터내셔널 코리아(유)","청소년관람불가","코미디","세스 맥팔레인",170647,297,7147
"4","300: 제국의 부활",41704,"미국","","워너브러더스 코리아(주)","청소년관람불가","액션,드라마,전쟁","노암 머로",1593116,720,54902
"5","5일의 마중",41920,"중국","","찬란","전체관람가","멜로/로맨스,드라마","장예모",50775,86,2603
"6","7번째 아들",42046,"미국","","유니버설픽쳐스인터내셔널 코리아(유)","12세이상관람가","어드벤처,가족,판타지","세르게이 보드로프",91139,358,7379
"7","R.I.P.D. : 알.아이.피.디.",41508,"미국","","유니버설픽쳐스인터내셔널 코리아(유)","15세이상관람가","액션,코미디,범죄","로베르트 슈벤트케",101460,268,5744
"8","가디언즈 오브 갤럭시",41851,"미국","","소니픽쳐스릴리징월트디즈니스튜디오스코리아(주)","12세이상관람가","액션,어드벤처,SF","제임스 건",1309671,539,22388
"9","가시",41739,"한국","(주)캠프비,(주)뱅가드스튜디오","(주)인벤트스톤","청소년관람불가","멜로/로맨스,드라마","김태균",142170,356,11622
"10","간신",42145,"한국","(주)수필름","롯데쇼핑㈜롯데엔터테인먼트","청소년관람불가","사극","민규동",1109693,697,40569
"11","감기",41500,"한국","아이러브시네마,(주)아이필름홀딩스,씨제이이앤엠(주)","아이러브시네마","15세이상관람가","드라마,어드벤처,액션","김성수",3116401,806,55038
"12","갓 오브 이집트",42432,"미국","","(주)시네마서비스,(주)나이너스엔터테인먼트","12세이상관람가","어드벤처,판타지","알렉스 프로야스",919835,618,35323
"13","강남 1970",42025,"한국","(주)모베라픽처스,(주)쇼박스","(주)쇼박스","청소년관람불가","액션,드라마","유하",2188441,841,53261
"14","개구리왕국",42320,"중국","","예지림엔터테인먼트","전체관람가","애니메이션,어드벤처","넬슨 신",53438,227,1968
"15","개구쟁이 스머프 2",41487,"미국","","소니픽쳐스릴리징월트디즈니스튜디오스코리아(주)","전체관람가","애니메이션,코미디,가족","라자 고스넬",322007,317,6359
"16","개를 훔치는 완벽한 방법",42004,"한국","(주)삼거리픽쳐스","(주)리틀빅픽쳐스,(주)대명문화공장","전체관람가","드라마,가족","김성호",251129,205,6749
"17","갤로우즈",42250,"미국","","워너브러더스 코리아(주)","15세이상관람가","공포(호러)","트래비스 클러프,크리스 로핑",88388,299,4652
"18","검사외전",42403,"한국","(주)영화사 월광,(주)사나이픽처스","(주)쇼박스","15세이상관람가","범죄,코미디","이일형",9698574,1812,152533
"19","검은 사제들",42313,"한국","영화사 집","씨제이이앤엠(주)","15세이상관람가","미스터리,드라마","장재현",5407767,1109,129117
"20","겨울왕국",41655,"미국","","소니픽쳐스릴리징월트디즈니스튜디오스코리아(주)","전체관람가","애니메이션,어드벤처,가족,코미디,뮤지컬,판타지","크리스 벅,제니퍼 리",9675656,1010,131526
"21","결혼전야",41599,"한국","(주)수필름","씨너스엔터테인먼트(주)","15세이상관람가","멜로/로맨스,코미디","홍지영",1206998,524,38796
"22","경성학교: 사라진 소녀들",42173,"한국","청년필름(주),비밀의화원","롯데쇼핑㈜롯데엔터테인먼트","15세이상관람가","미스터리,드라마","이해영",356154,489,18514
"23","경주",41802,"한국","(주)인벤트스톤,률필름","(주)인벤트스톤","15세이상관람가","드라마,코미디,멜로/로맨스","장률",61881,318,5661
"24","계춘할망",42509,"한국","지오엔터테인먼트,(주)퍼플켓츠필름,(주)빅스토리픽쳐스","(주)콘텐츠 난다긴다","15세이상관람가","가족,드라마","창",473175,526,19546
"25","고녀석 맛나겠다2 : 함께라서 행복해",42214,"한국","(주)미디어캐슬","(주)리틀빅픽쳐스","전체관람가","애니메이션,가족,어드벤처","최경석,노나카 카즈미",54074,142,1635
"26","고질라",41774,"미국","","워너브러더스 코리아(주)","12세이상관람가","액션,SF","가렛 에드워즈",709734,610,25335
"27","곡성",42502,"한국","사이드미러,이십세기폭스 인터내셔널 프로덕션","이십세기폭스코리아(주)","15세이상관람가","미스터리,스릴러,드라마","나홍진",6807889,1485,126948
"28","공범",41571,"한국","선샤인필름(주)","씨제이이앤엠(주)","15세이상관람가","스릴러,드라마","국동석",1766042,611,51401
"29","관능의 법칙",41683,"한국","(주)명필름","롯데쇼핑㈜롯데엔터테인먼트","청소년관람불가","드라마,코미디","권칠인",772965,591,30429
"30","관상",41528,"한국","(주)주피터필름,(주)쇼박스","(주)쇼박스","15세이상관람가","사극,드라마","한재림",9102866,1240,123596
"31","괴물의 아이",42333,"일본","","CGV아트하우스,(주)리틀빅픽쳐스","12세이상관람가","애니메이션,판타지,어드벤처","호소다 마모루",221768,363,10496
"32","구스범스",42383,"미국","","유니버설픽쳐스인터내셔널 코리아(유)","12세이상관람가","액션,어드벤처,코미디","롭 레터맨",297353,515,13477
"33","국제시장",41990,"한국","(주)제이케이필름,씨제이이앤엠(주)","씨제이이앤엠(주)","12세이상관람가","드라마","윤제균",11991882,1044,155582
"34","군도: 민란의 시대",41843,"한국","(주)영화사 월광,(주)쇼박스","(주)쇼박스","15세이상관람가","사극,액션","윤종빈",4773840,1394,67185
"35","굿 다이노",42376,"미국","","월트디즈니컴퍼니코리아(주)","전체관람가","애니메이션,어드벤처,코미디","피터 손",1328847,814,33071
"36","굿바이 싱글",42550,"한국","호두앤유 엔터테인먼트(주),(주)영화사람","(주)쇼박스","15세이상관람가","코미디,드라마","김태곤",2082427,841,56246
"37","귀향",42424,"한국","제이오엔터테인먼트","(주)와우픽쳐스","15세이상관람가","드라마","조정래",3570542,876,88680
"38","그날의 분위기",42383,"한국","영화사 문(주)","(주)쇼박스","15세이상관람가","멜로/로맨스","조규장",652392,592,27174
"39","그녀",41781,"미국","","유니버설픽쳐스인터내셔널 코리아(유)","청소년관람불가","드라마,멜로/로맨스","스파이크 존즈",296421,168,8299
"40","그놈이다",42305,"한국","상상필름(주)","CGV아트하우스","15세이상관람가","스릴러","윤준형",1046015,681,38678
"41","그래비티",41564,"미국","","워너브러더스 코리아(주)","12세이상관람가","SF,드라마","알폰소 쿠아론",3087586,636,77783
"42","그랜드 부다페스트 호텔",41718,"미국","","이십세기폭스코리아(주)","청소년관람불가","미스터리,어드벤처","웨스 앤더슨",682900,241,22782
"43","그렇게 아버지가 된다",41627,"일본","","(주)티캐스트콘텐츠허브","전체관람가","드라마,가족","고레에다 히로카즈",101440,57,3088
"44","그레이스 오브 모나코",41808,"프랑스","","(주)쇼박스","12세이상관람가","드라마","올리비에 다한",236040,358,13051
"45","그레이의 50가지 그림자",42061,"미국","","유니버설픽쳐스인터내셔널 코리아(유)","청소년관람불가","드라마,멜로/로맨스","샘 테일러-존슨",364373,512,19214
"46","극비수사",42173,"한국","(주)제이콘컴퍼니,(주)영화사신세계","(주)쇼박스","15세이상관람가","드라마,범죄","곽경택",2860680,894,66193
"47","극장판 가면라이더 VS 파워레인저 슈퍼히어로 대전",41662,"일본","","롯데쇼핑㈜롯데엔터테인먼트","전체관람가","액션","가네다 오사무",59611,183,1952
"48","극장판 꼬마버스 타요의 에이스 구출작전",42390,"한국","(주)아이코닉스,(주)스튜디오게일","(주)아이코닉스","전체관람가","애니메이션","류정우",130644,200,5224
"49","극장판 도라에몽 : 진구의 우주영웅기~스페이스 히어로즈~",42264,"일본","","(주)와우픽쳐스","전체관람가","애니메이션,SF,어드벤처","오오스기 요시히로",113321,351,3518
"50","극장판 도라에몽: 진구의 아프리카 모험 ~베코와 5인의 탐험대~",41886,"일본","","(주)이수C&E","전체관람가","애니메이션,어드벤처","야쿠와 신노스케",167926,277,4039
"51","극장판 루팡 3세 VS 명탐정 코난",41788,"일본","","씨제이이앤엠(주)","12세이상관람가","애니메이션","카메가키 하지메",225842,327,5429
"52","극장판 아이엠스타 : 꿈의 오디션!",42411,"일본","","씨제이이앤엠(주)","전체관람가","애니메이션","키무라 류이치",140973,254,3901
"53","극장판 안녕 자두야",42494,"한국","아툰즈,씨제이이앤엠(주)","씨제이이앤엠(주)","전체관람가","애니메이션","손석우",279701,523,7701
"54","극장판 요괴워치: 탄생의 비밀이다냥!",42207,"일본","","씨제이이앤엠(주)","전체관람가","애니메이션","타카하시 시게하루,우시로 신지",550671,509,11755
"55","극장판 파워레인저 다이노포스VS고버스터즈 공룡 대결전! ~안녕, 영원한 친구여!~",41914,"일본","","(주)이수C&E","전체관람가","액션,SF","사카모토 코이치",212849,363,6618
"56","극장판 파워레인저 트레인포스 VS 다이노포스 THE MOVIE",42334,"일본","","(주)스마일이엔티,(주)영화사오원","전체관람가","액션,SF","와타나베 카츠야",100054,344,4121
"57","극장판 포켓몬스터 AG - 아름다운 소원의 별 지라치",41864,"일본","","(주)포켓몬코리아","전체관람가","애니메이션","유야마 쿠니히코",74346,123,1998
"58","극장판 포켓몬스터 XY : 파괴의 포켓몬과 디안시",42018,"일본","","롯데쇼핑㈜롯데엔터테인먼트","전체관람가","애니메이션","유야마 쿠니히코",233347,360,7472
"59","극장판 포켓몬스터 베스트위시: 신의 속도 게노세크트, 뮤츠의 각성",41648,"일본","","씨제이이앤엠(주)","전체관람가","애니메이션,어드벤처","유야마 쿠니히코",321602,406,8369
"60","극적인 하룻밤",42341,"한국","(주)연우무대,(주)인사이드픽쳐스","CGV아트하우스","청소년관람불가","멜로/로맨스,코미디","하기호",320953,434,18358
"61","글로리데이",42453,"한국","(주)보리픽쳐스","(주)엣나인필름","15세이상관람가","드라마","최정열",188457,493,12524
"62","기생수 파트1",42061,"일본","","판씨네마(주)","청소년관람불가","스릴러,SF","야마자키 타카시",185468,247,7384
"63","기생수 파트2",42131,"일본","","판씨네마(주)","청소년관람불가","SF,스릴러","야마자키 타카시",63529,260,5116
"64","기술자들",41997,"한국","(주)트리니티엔터테인먼트","롯데쇼핑㈜롯데엔터테인먼트","15세이상관람가","범죄,액션","김홍선",2563664,641,43212
"65","깡철이",41549,"한국","(주)시네마서비스,㈜더드림앤드픽쳐스,㈜팝콘필름","씨제이이앤엠(주)","15세이상관람가","드라마,액션,가족","안권태",1208956,707,43098
"66","꾸뻬씨의 행복여행",41970,"영국","","그린나래미디어(주)","15세이상관람가","어드벤처,드라마","피터 첼섬",122245,227,5093
"67","끝까지 간다",41788,"한국","(주)에이디사공육,(주)다세포클럽","(주)쇼박스","15세이상관람가","액션,스릴러,범죄","김성훈",3338798,645,81032
"68","나를 잊지 말아요",42376,"한국","(주)더블유 팩토리","씨제이이앤엠(주)","15세이상관람가","멜로/로맨스","이윤정",427113,558,19128
"69","나를 찾아줘",41935,"미국","","이십세기폭스코리아(주)","청소년관람불가","스릴러","데이빗 핀처",1746872,689,50323
"70","나우 유 씨 미 : 마술사기단",41508,"미국","","롯데쇼핑㈜롯데엔터테인먼트","12세이상관람가","범죄,액션,스릴러","루이스 리테리어",2717951,691,54618
"71","나의 독재자",41942,"한국","반짝반짝영화사(주)","롯데쇼핑㈜롯데엔터테인먼트","15세이상관람가","드라마","이해준",385934,654,24218
"72","나의 사랑 나의 신부",41920,"한국","(주)필름모멘텀","씨네그루(주)다우기술","15세이상관람가","멜로/로맨스,코미디","임찬상",2134074,629,69578
"73","나의 소녀시대",42502,"대만","","오드","15세이상관람가","멜로/로맨스,드라마","프랭키 첸",402482,201,12070
"74","나의 절친 악당들",42180,"한국","휠므빠말주식회사,이십세기폭스 인터내셔널 프로덕션","이십세기폭스코리아(주)","청소년관람불가","범죄,액션,드라마","임상수",133446,384,9829
"75","나이트 크롤러",42061,"미국","","(주)스톰픽쳐스코리아","청소년관람불가","범죄,드라마,스릴러","댄 길로이",54465,233,3931
"76","날, 보러와요",42467,"한국","(주)오에이엘,(주)발렌타인필름","메가박스(주)플러스엠","청소년관람불가","미스터리,스릴러","이철하",1062155,682,49192
"77","남과 여",42425,"한국","(주)영화사봄","(주)쇼박스","청소년관람불가","멜로/로맨스","이윤기",203763,448,9786
"78","남자가 사랑할 때",41661,"한국","(주)사나이픽처스,필름트레인","(주)넥스트엔터테인먼트월드(NEW)","15세이상관람가","멜로/로맨스,드라마","한동욱",1977463,531,40984
"79","내 심장을 쏴라",42032,"한국","(주)주피터필름","(주)리틀빅픽쳐스,(주)이수C&E","15세이상관람가","드라마","문제용",387267,452,20041
"80","내가 잠들기 전에",41942,"영국","","(주)영화사 진진","청소년관람불가","미스터리,스릴러","로완 조페",50098,197,4259
"81","내부자들",42327,"한국","(유)내부자들 문화전문회사","(주)쇼박스","청소년관람불가","범죄,드라마","우민호",6957380,1129,149768
"82","내부자들: 디 오리지널",42369,"한국","(유)내부자들 문화전문회사","(주)쇼박스","청소년관람불가","범죄,드라마","우민호",2073046,838,46627
"83","널 기다리며",42439,"한국","(주)영화사수작,주식회사 모티브랩,(주)디씨지플러스","(주)넥스트엔터테인먼트월드(NEW)","청소년관람불가","스릴러","모홍진",634891,551,33756
"84","넛잡: 땅콩 도둑들",41668,"한국","(주)레드로버,툰박스 엔터테인먼트","(주)싸이더스","전체관람가","애니메이션,어드벤처,코미디,가족","피터 레페니오티스",475535,382,10648
"85","노벰버 맨",41928,"미국","","롯데쇼핑㈜롯데엔터테인먼트","15세이상관람가","액션,스릴러","로저 도널드슨",249374,395,16175
"86","노브레싱",41577,"한국","(주)영화사 수작,(주)팝콘에프앤엠,(주)더샘컴퍼니","(주)나이너스엔터테인먼트","15세이상관람가","드라마,멜로/로맨스","조용선",451669,584,24912
"87","노아",41718,"미국","","씨제이이앤엠(주)","15세이상관람가","어드벤처,드라마,판타지","대런 아로노프스키",2026539,952,56711
"88","노아의 방주: 남겨진 녀석들",42124,"독일","","씨네그루(주)다우기술","전체관람가","애니메이션","토비 젠켈",217108,436,5378
"89","노예 12년",41697,"미국","","판씨네마(주),(주)프레인글로벌","15세이상관람가","드라마","스티브 맥퀸",497442,326,19335
"90","논스톱",41697,"미국","","(주)넥스트엔터테인먼트월드(NEW)","15세이상관람가","액션","자움 콜렛 세라",2083902,582,58127
"91","눈의 여왕 2: 트롤의 마법거울",41997,"러시아","","씨네그루(주)다우기술","전체관람가","애니메이션,판타지,가족","알렉세이 트시칠린",618543,479,9146
"92","니드 포 스피드",41745,"미국","","소니픽쳐스릴리징월트디즈니스튜디오스코리아(주)","15세이상관람가","액션,범죄,드라마,스릴러","스캇 워프",105340,349,9991
"93","닌자터틀",41879,"미국","","씨제이이앤엠(주)","12세이상관람가","액션,어드벤처,코미디","조나단 리브스만",400329,479,15187
"94","닌자터틀 : 어둠의 히어로",42537,"미국","","롯데쇼핑㈜롯데엔터테인먼트","12세이상관람가","액션,어드벤처","데이브 그린",235207,517,13944
"95","님아, 그 강을 건너지 마오",41970,"한국","아거스필름","CGV아트하우스,(주)대명문화공장","전체관람가","다큐멘터리","진모영",4406592,806,76650
"96","님포매니악 볼륨1",41808,"덴마크","","CGV아트하우스","청소년관람불가","드라마","라스 폰 트리에",59604,237,5457
"97","다이노 타임",42124,"한국","주식회사 토이온","씨제이이앤엠(주)","전체관람가","애니메이션,어드벤처,코미디","최윤석,존 카프카",282731,430,6497
"98","다이노X 탐험대",42494,"한국","㈜MBC","(주)이수C&E","전체관람가","애니메이션,다큐멘터리","이동희",83043,348,3107
"99","다이노소어 어드벤처 : 백악기 공룡대백과",42494,"영국","","(주)박수엔터테인먼트,(주)애니플러스","전체관람가","다큐멘터리","닐 나이팅게일,베리 쿡,앤드류 코헨",111599,325,3590
"100","다이노소어 어드벤처 3D",41627,"미국","","이십세기폭스코리아(주)","전체관람가","액션,가족","베리 쿡,닐 나이팅게일",599938,464,12032
"101","다이버전트",41745,"미국","","롯데쇼핑㈜롯데엔터테인먼트","15세이상관람가","SF,판타지,액션,멜로/로맨스","닐 버거",424041,511,21396
"102","다이버전트 시리즈: 얼리전트",42502,"미국","","씨네그루(주)키다리이엔티","12세이상관람가","액션,어드벤처,SF","로베르트 슈벤트케",103108,393,7541
"103","다이애나",41704,"영국","","(주)영화사 빅","15세이상관람가","드라마,멜로/로맨스","올리버 히르비겔",57770,279,5352
"104","다크 플레이스",42200,"미국","","(주)스톰픽쳐스코리아,주식회사 우리네트웍스","청소년관람불가","드라마,미스터리,스릴러","질스 파겟-브레너",66075,268,4160
"105","달라스 바이어스 클럽",41704,"미국","","(주)나이너스엔터테인먼트","청소년관람불가","드라마","장 마크 발레",69118,138,3935
"106","대니 콜린스",42277,"미국","","(주)나이너스엔터테인먼트,(주)지어소프트","15세이상관람가","드라마","댄 포겔맨",54083,309,5586
"107","대니쉬 걸",42417,"미국","","유니버설픽쳐스인터내셔널 코리아(유)","청소년관람불가","드라마","톰 후퍼",130503,246,5505
"108","대배우",42459,"한국","주식회사 영화사다","(주)대명문화공장,(주)리틀빅픽쳐스","12세이상관람가","코미디","석민우",169722,474,16507
"109","대호",42354,"한국","(주)사나이픽처스","(주)넥스트엔터테인먼트월드(NEW)","12세이상관람가","사극","박훈정",1760910,892,44780
"110","더 건맨",42110,"프랑스","","롯데쇼핑㈜롯데엔터테인먼트","청소년관람불가","액션,스릴러","피에르 모렐",107364,349,9328
"111","더 기버: 기억전달자",41871,"미국","","(주)지어소프트","12세이상관람가","SF,드라마,판타지","필립 노이스",107567,233,4690
"112","더 라스트: 나루토 더 무비",42061,"일본","","와이드 릴리즈(주)","12세이상관람가","애니메이션","코바야시 츠네오",52816,158,2106
"113","더 랍스터",42306,"영국","","(주)영화사오원,(주)브리즈픽처스","청소년관람불가","판타지,멜로/로맨스","요르고스 란티모스",51187,75,2367
"114","더 매직: 리틀톰과 도둑공주",42271,"스페인","","㈜코리아스크린,와이드 릴리즈(주)","전체관람가","애니메이션,판타지,뮤지컬","어네스토 파드롱",88968,193,2167
"115","더 바디",41781,"스페인","","(주)싸이더스","15세이상관람가","스릴러","오리올 파울로",66733,161,2905
"116","더 보이",42522,"미국","","(주)리틀빅픽쳐스","15세이상관람가","공포(호러),스릴러","윌리엄 브렌트 벨",56165,186,2409
"117","더 비지트",42292,"미국","","유니버설픽쳐스인터내셔널 코리아(유)","15세이상관람가","스릴러,공포(호러)","M. 나이트 샤말란",52197,279,4134
"118","더 셰프",42313,"미국","","(주)이수C&E","15세이상관람가","드라마","존 웰스",186511,409,12460
"119","더 시그널",41829,"미국","","롯데쇼핑㈜롯데엔터테인먼트","12세이상관람가","SF,액션,스릴러","윌리엄 유뱅크",106081,263,6692
"120","더 울프 오브 월스트리트",41648,"미국","","주식회사 우리네트웍스","청소년관람불가","범죄,드라마","마틴 스콜세지",583205,395,13562
"121","더 이퀄라이저",42032,"미국","","유니버설픽쳐스인터내셔널 코리아(유)","청소년관람불가","액션,범죄,스릴러","안톤 후쿠아",79853,255,4818
"122","더 테러 라이브",41486,"한국","(주)씨네이천","롯데쇼핑㈜롯데엔터테인먼트","15세이상관람가","범죄,기타","김병우",2816273,809,55198
"123","더 파이브",41592,"한국","(주)시네마서비스","씨제이이앤엠(주)","청소년관람불가","스릴러,드라마","정연식",731212,501,27308
"124","더 퍼지",41584,"미국","","유니버설픽쳐스인터내셔널 코리아(유)","청소년관람불가","스릴러,SF","제임스 드모나코",137340,232,6013
"125","더 퍼지 : 거리의 반란",41878,"미국","","유니버설픽쳐스인터내셔널 코리아(유)","청소년관람불가","공포(호러),스릴러","제임스 드모나코",55828,204,3494
"126","더 폰",42299,"한국","(주)미스터로맨스","(주)넥스트엔터테인먼트월드(NEW)","15세이상관람가","스릴러,액션","김봉주",1593494,794,53598
"127","덕수리 5형제",41977,"한국","㈜기억속의매미","롯데쇼핑㈜롯데엔터테인먼트","15세이상관람가","코미디,스릴러","전형준",210777,346,10719
"128","덤 앤 더머 투",41970,"미국","","씨네그루(주)다우기술","15세이상관람가","코미디","바비 패럴리,피터 패럴리",191948,343,8988
"129","데드풀",42417,"미국","","이십세기폭스코리아(주)","청소년관람불가","액션,SF","팀 밀러",3315976,1036,82393
"130","도라에몽 : 스탠 바이 미",42047,"일본","","(주)넥스트엔터테인먼트월드(NEW)","전체관람가","애니메이션","야마자키 타카시,야기 류이치",499417,432,12855
"131","도리를 찾아서",42557,"미국","","월트디즈니컴퍼니코리아(주)","전체관람가","애니메이션,어드벤처,코미디","앤드류 스탠튼",2590803,1091,54849
"132","도리화가",42333,"한국","(주)영화사 담담,(주)어바웃필름","씨제이이앤엠(주)","12세이상관람가","사극,드라마","이종필",317223,563,19167
"133","도희야",41781,"한국","파인하우스필름㈜,나우필름(주)","CGV아트하우스","청소년관람불가","드라마","정주리",106437,310,8300
"134","독수리 에디",42467,"미국","","이십세기폭스코리아(주)","12세이상관람가","드라마","덱스터 플레처",221931,527,17337
"135","돌연변이",42299,"한국","영화사 우상","필라멘트픽쳐스","12세이상관람가","드라마,코미디","권오광",100277,399,6817
"136","동주",42417,"한국","(주) 루스이소니도스","메가박스(주)플러스엠","12세이상관람가","드라마","이준익",1135589,543,37961
"137","동창생",41584,"한국","더램프(주),(주)황금물고기","(주)쇼박스","15세이상관람가","액션,드라마","박홍수",922441,660,33312
"138","두근두근 내 인생",41885,"한국","영화사 집","씨제이이앤엠(주)","12세이상관람가","드라마","이재용",1621127,629,40115
"139","드라큘라: 전설의 시작",41920,"미국","","유니버설픽쳐스인터내셔널 코리아(유)","15세이상관람가","판타지,액션","개리 쇼어",1321636,477,46476
"140","드래곤 길들이기 2",41843,"미국","","씨제이이앤엠(주)","전체관람가","애니메이션,액션,어드벤처","딘 데블로이스",2995906,829,51748
"141","드래곤 블레이드",42075,"중국","","롯데쇼핑㈜롯데엔터테인먼트","15세이상관람가","액션,어드벤처","이인항",56234,264,4764
"142","드레스메이커",42411,"호주","","(주)리틀빅픽쳐스","15세이상관람가","드라마","조셀린 무어하우스",55330,176,3038
"143","또 하나의 약속",41676,"한국","(주)또하나의가족 제작위원회,(주)에이트볼픽쳐스","(주)오에이엘","12세이상관람가","드라마","김태윤",492389,192,14757
"144","라스트 위치 헌터",42368,"미국","","TCO(주)더콘텐츠온","15세이상관람가","액션,어드벤처,판타지","브렉 에이즈너",121831,278,4295
"145","라스트베가스",41767,"미국","","(주)나이너스엔터테인먼트","15세이상관람가","코미디","존 터틀타웁",173647,349,10737
"146","러덜리스",42194,"미국","","그린나래미디어(주)","12세이상관람가","코미디,드라마","윌리엄 H. 머시",75776,117,3434
"147","러브 라이브! 더 스쿨 아이돌 무비",42250,"일본","","(주)박수엔터테인먼트","전체관람가","애니메이션","쿄고쿠 타카히코",82280,66,2094
"148","러브, 로지",41983,"영국","","(주)넥스트엔터테인먼트월드(NEW)","15세이상관람가","코미디,멜로/로맨스","크리스티안 디터",292430,379,11941
"149","러시 : 더 라이벌",41556,"미국","","롯데쇼핑㈜롯데엔터테인먼트","청소년관람불가","액션,드라마","론 하워드",123717,270,8113
"150","런 올 나이트",42082,"미국","","워너브러더스 코리아(주)","청소년관람불가","액션,스릴러","자움 콜렛 세라",289534,411,15865
"151","런던 해즈 폴른",42439,"미국","","메가박스(주)플러스엠","15세이상관람가","액션,범죄,스릴러","바박 나자피",731532,525,37557
"152","레고 무비",41676,"미국","","워너브러더스 코리아(주)","전체관람가","애니메이션,코미디,액션,가족","필 로드,크리스 밀러",232808,317,6538
"153","레드: 더 레전드",41473,"미국","","롯데쇼핑㈜롯데엔터테인먼트","15세이상관람가","액션,코미디,범죄","딘 패리소트",132501,318,4630
"154","레드카펫",41935,"한국","씨네주(유),(주)누리픽쳐스","(주)프레인글로벌","15세이상관람가","멜로/로맨스,코미디","박범수",316655,385,17694
"155","레버넌트: 죽음에서 돌아온 자",42383,"미국","","이십세기폭스코리아(주)","15세이상관람가","어드벤처,드라마","알레한드로 곤잘레스 이냐리투",2000836,967,54830
"156","레전드",42348,"프랑스","","(주)이수C&E","청소년관람불가","액션,범죄,드라마","브라이언 헬겔랜드",180082,449,9994
"157","레전드 오브 타잔",42550,"미국","","워너브러더스 코리아(주)","12세이상관람가","액션,어드벤처","데이빗 예이츠",858402,593,28021
"158","레터스 투 갓",42425,"미국","","(주)모멘텀엔터테인먼트","전체관람가","가족,드라마","데이빗 닉슨",50900,221,2113
"159","로덴시아: 마법왕국의 전설",41549,"페루","","(주)영화사 빅","전체관람가","애니메이션,어드벤처","데이비드 비스바노",97992,627,2997
"160","로보캅",41683,"미국","","소니픽쳐스릴리징월트디즈니스튜디오스코리아(주)","12세이상관람가","액션,SF","호세 파딜라",979509,608,29686
"161","로봇, 소리",42396,"한국","(주)영화사 좋은날,(주)디씨지플러스","롯데쇼핑㈜롯데엔터테인먼트","12세이상관람가","드라마","이호재",472135,305,25472
"162","론 서바이버",41731,"미국","","유니버설픽쳐스인터내셔널 코리아(유)","15세이상관람가","액션,드라마,스릴러","피터 버그",182852,374,11511
"163","롤러코스터",41564,"한국","(주)판타지오픽쳐스","씨제이이앤엠(주)","15세이상관람가","코미디","하정우",269998,641,14725
"164","루시",41885,"미국","","유니버설픽쳐스인터내셔널 코리아(유)","청소년관람불가","액션","뤽 베송",1972045,333,44576
"165","룸",42432,"아일랜드","","(주)영화사 빅","15세이상관람가","드라마","레니 에이브러햄슨",83667,275,6890
"166","리딕",41606,"미국","","(주)영화사 빅","15세이상관람가","SF,액션","데이빗 토히",132059,57,7468
"167","리스본행 야간열차",41795,"독일","","(주)나이너스엔터테인먼트","15세이상관람가","미스터리,멜로/로맨스,스릴러","빌 어거스트",56711,598,1778
"168","리오 2",41760,"미국","","이십세기폭스코리아(주)","전체관람가","애니메이션,코미디,어드벤처","카를로스 살다나",761339,615,14780
"169","마다가스카의 펭귄",42004,"미국","","씨제이이앤엠(주)","전체관람가","애니메이션,코미디,어드벤처,가족","에릭 다넬,사이몬 J.스미스",1659744,536,28653
"170","마담 뺑덕",41914,"한국","(주)영화사동물의왕국","씨제이이앤엠(주)","청소년관람불가","멜로/로맨스","임필성",471050,50,21626
"171","마담 프루스트의 비밀정원",41844,"프랑스","","찬란","전체관람가","드라마","실뱅 쇼메",128493,84,3744
"172","마미",41991,"캐나다","","(주)엣나인필름","15세이상관람가","드라마","자비에 돌란",53513,1132,2259
"173","마션",42285,"미국","","이십세기폭스코리아(주)","12세이상관람가","액션,어드벤처,SF","리들리 스콧",4845302,295,112367
"174","마야",41886,"독일","","(주)박수엔터테인먼트","전체관람가","애니메이션","알렉스 스타더만",265149,554,6295
"175","마지막 4중주",41480,"미국","","(주)티캐스트","15세이상관람가","드라마","야론 질버만",51083,799,1398
"176","말레피센트",41788,"미국","","소니픽쳐스릴리징월트디즈니스튜디오스코리아(주)","12세이상관람가","액션,어드벤처,드라마","로버트 스트롬버그",1397359,194,38892
"177","매드 맥스: 분노의 도로",42138,"미국","","워너브러더스 코리아(주)","15세이상관람가","액션,어드벤처,스릴러","조지 밀러",3802402,460,97498
"178","매직 인 더 문라이트",41871,"미국","","(주)인벤트스톤","12세이상관람가","코미디,드라마,멜로/로맨스","우디 앨런",76071,141,4418
"179","매직브러시",42494,"중국","","(주)영화사 빅","전체관람가","애니메이션","쯔씽 쫑",169186,361,5367
"180","맥베스",42028,"미국","","(주)인스터피씨엠","전체관람가","공연","에이드리언 노블",97216,286,3784
"181","맨 프롬 UNCLE",42305,"미국","","워너브러더스 코리아(주)","12세이상관람가","액션,어드벤처,코미디","가이 리치",108551,655,7169
"182","맨홀",41920,"한국","㈜화인웍스","롯데쇼핑㈜롯데엔터테인먼트","청소년관람불가","공포(호러),스릴러","신재영",130531,804,10310
"183","메이즈 러너",41900,"미국","","이십세기폭스코리아(주)","12세이상관람가","액션,미스터리,SF,스릴러","웨스 볼",2779701,1587,69411
"184","메이즈 러너: 스코치 트라이얼",42263,"미국","","이십세기폭스코리아(주)","12세이상관람가","액션,SF,스릴러","웨스 볼",2737063,316,58670
"185","명량",41850,"한국","(주)빅스톤픽쳐스","씨제이이앤엠(주)","15세이상관람가","사극,액션","김한민",17163996,299,177930
"186","명탐정 코난 : 수평선상의 음모",41493,"일본","","씨제이이앤엠(주)","12세이상관람가","애니메이션","야마모토 야스이치로",330478,187,6760
"187","명탐정 코난 : 이차원의 저격수",41857,"일본","","씨제이이앤엠(주)","12세이상관람가","애니메이션,스릴러,어드벤처","시즈노 코분",398222,294,6832
"188","명탐정 코난 : 코난 실종사건 - 사상 최악의 이틀",42047,"일본","","씨제이이앤엠(주)","12세이상관람가","애니메이션,어드벤처,스릴러","야마모토 야스이치로",256830,433,5296
"189","명탐정 코난 : 탐정들의 진혼가",41683,"일본","","씨제이이앤엠(주)","12세이상관람가","애니메이션","야마모토 야스이치로",182668,319,5500
"190","명탐정 코난 : 화염의 해바라기",42221,"일본","","씨제이이앤엠(주)","전체관람가","애니메이션","시즈노 코분",470955,290,8875
"191","모뉴먼츠 맨: 세기의 작전",41697,"미국","","이십세기폭스코리아(주)","12세이상관람가","액션,드라마","조지 클루니",71483,527,6244
"192","모데카이",42053,"미국","","(주)나이너스엔터테인먼트","15세이상관람가","액션,코미디","데이빗 코엡",76400,385,4231
"193","몬스터",41711,"한국","상상필름(주)","롯데쇼핑㈜롯데엔터테인먼트","청소년관람불가","스릴러","황인호",458918,686,23222
"194","몬스터 대학교",41529,"미국","","소니픽쳐스릴리징월트디즈니스튜디오스코리아(주)","전체관람가","애니메이션","댄 스캔론",867317,482,15081
"195","몬스터 호텔 2",42362,"미국","","유니버설픽쳐스인터내셔널 코리아(유)","전체관람가","애니메이션","젠디 타타코브스키",1512988,317,25539
"196","무뢰한",42151,"한국","(주)사나이픽처스","CGV아트하우스","청소년관람불가","멜로/로맨스","오승욱",412253,365,23560
"197","무서운 이야기 3 : 화성에서 온 소녀",42522,"한국","(주)수필름","롯데쇼핑㈜롯데엔터테인먼트","15세이상관람가","공포(호러)","백승빈,김선,김곡,민규동",97093,481,6398
"198","뮨: 달의 요정",42271,"프랑스","","씨네그루(주)다우기술","전체관람가","애니메이션","알렉상드르 헤보얀,베노이트 필립폰",315474,387,6733
"199","미 비포 유",42522,"미국","","워너브러더스 코리아(주)","12세이상관람가","멜로/로맨스,드라마","테아 샤록",916403,792,27249
"200","미녀와 야수",41808,"프랑스","","(주)넥스트엔터테인먼트월드(NEW)","전체관람가","판타지,멜로/로맨스","크리스토프 갱스",315348,245,15409
"201","미니언즈",42214,"미국","","유니버설픽쳐스인터내셔널 코리아(유)","전체관람가","애니메이션","피에르 꼬팽,카일 발다",2612040,1202,41302
"202","미라클 벨리에",42243,"프랑스","","(주)영화사 진진","12세이상관람가","드라마","에릭 라티고",108147,470,5902
"203","미션 임파서블: 로그네이션",42215,"미국","","롯데쇼핑㈜롯데엔터테인먼트","15세이상관람가","액션,스릴러,어드벤처","크리스토퍼 맥쿼리",6118959,437,89187
"204","미스컨덕트",42459,"미국","","(주)박수엔터테인먼트,㈜코리아스크린","15세이상관람가","범죄,스릴러","시모사와 신타로",148505,344,12012
"205","미쓰 와이프",42229,"한국","(주)영화사아이비젼","메가박스(주)플러스엠","15세이상관람가","코미디","강효진",975922,210,28749
"206","미안해 사랑해 고마워",42305,"한국","타임박스엔터테인먼트(주)","(주)쇼박스","15세이상관람가","드라마","전윤수",51120,155,6540
"207","바다 탐험대 옥토넛 스페셜",42040,"영국","","와이드 릴리즈(주)","전체관람가","애니메이션","니키 팰런",52168,162,1852
"208","바다 탐험대 옥토넛 시즌4: 빙하탐험선S",42425,"영국","","와이드 릴리즈(주)","전체관람가","애니메이션","다라 오코넬",60947,67,2085
"209","바다 탐험대 옥토넛 시즌4: 아슬아슬 구조대작전",42523,"영국","","와이드 릴리즈(주)","전체관람가","애니메이션,어드벤처","다라 오코넬",58242,288,2293
"210","바닷마을 다이어리",42355,"일본","","(주)티캐스트","12세이상관람가","드라마","고레에다 히로카즈",86451,500,2724
"211","바람이 분다",41522,"일본","스튜디오 지브리","롯데쇼핑㈜롯데엔터테인먼트","전체관람가","애니메이션,드라마","미야자키 하야오",106439,346,6684
"212","박물관이 살아있다 : 비밀의 무덤",42018,"미국","","이십세기폭스코리아(주)","전체관람가","어드벤처,코미디,가족","숀 레비",1101678,333,30146
"213","박스트롤",41949,"미국","","유니버설픽쳐스인터내셔널 코리아(유)","전체관람가","애니메이션,가족,어드벤처,코미디","그레이엄 애나블,안소니 스타치",102152,594,3572
"214","밤의 여왕",41564,"한국","(주)영화사아이비젼,(유)밤의여왕문화산업전문회사","(주)인벤트스톤","15세이상관람가","멜로/로맨스,코미디","김제영",252062,297,13283
"215","방황하는 칼날",41739,"한국","(주)에코필름","씨제이이앤엠(주)","청소년관람불가","범죄,스릴러","이정호",987420,1708,38839
"216","배우는 배우다",41571,"한국","(주) 루스이소니도스,(주)김기덕 필름","(주)넥스트엔터테인먼트월드(NEW)","청소년관람불가","드라마","신연식",111927,423,9263
"217","배트맨 대 슈퍼맨: 저스티스의 시작",42453,"미국","","워너브러더스 코리아(주)","12세이상관람가","액션,어드벤처,판타지","잭 스나이더",2256656,380,95641
"218","백 투 더 비기닝",42061,"미국","","롯데쇼핑㈜롯데엔터테인먼트","15세이상관람가","SF,스릴러","딘 이스라엘리트",266389,182,13838
"219","버드맨",42068,"미국","","이십세기폭스코리아(주)","청소년관람불가","코미디,드라마","알레한드로 곤잘레스 이냐리투",203508,393,11929
"220","버틀러: 대통령의 집사",41606,"미국","","(주)넥스트엔터테인먼트월드(NEW)","15세이상관람가","드라마,기타","리 다니엘스",126822,338,4927
"221","번개맨",42411,"한국","(주)드림써치C&C,한국교육방송공사 EBS","씨네그루(주)키다리이엔티","전체관람가","판타지,가족","조근현",69115,1115,4586
"222","베리 굿 걸",41907,"미국","","(주)영화사 빅","15세이상관람가","멜로/로맨스,드라마","나오미 포너",103467,925,10484
"223","베테랑",42221,"한국","(주)외유내강","씨제이이앤엠(주)","15세이상관람가","액션,드라마","류승완",12484077,219,171952
"224","변호인",41626,"한국","위더스필름(주)","(주)넥스트엔터테인먼트월드(NEW)","15세이상관람가","드라마","양우석",10662988,219,135471
"225","보루토 - 나루토 더 무비",42348,"일본","","와이드 릴리즈(주)","12세이상관람가","애니메이션","야마시타 히로유키",64159,147,2688
"226","보이후드",41935,"미국","","유니버설픽쳐스인터내셔널 코리아(유)","15세이상관람가","드라마","리차드 링클레이터",181288,942,7543
"227","본 투 비 블루",42530,"캐나다","","그린나래미디어(주)","청소년관람불가","드라마","로버트 뷔드로",88076,136,4630
"228","봉이 김선달",42557,"한국","(주)엠픽처스,(주)에스엔케이픽처스","씨제이이앤엠(주)","12세이상관람가","사극","박대민",2044657,983,51366
"229","부활",42446,"미국","","유니버설픽쳐스인터내셔널 코리아(유)","12세이상관람가","드라마","케빈 레이놀즈",172898,238,8413
"230","분노의 질주: 더 세븐",42095,"미국","","유니버설픽쳐스인터내셔널 코리아(유)","15세이상관람가","액션,범죄,스릴러","제임스 완",3239996,648,92952
"231","분신사바 2",41836,"중국","","(주)팝엔터테인먼트","15세이상관람가","공포(호러),스릴러","안병기",79017,40,4415
"232","뷰티 인사이드",42236,"한국","(주)용필름","(주)넥스트엔터테인먼트월드(NEW)","12세이상관람가","판타지,멜로/로맨스","백",2039579,287,52419
"233","브루클린",42481,"미국","","이십세기폭스코리아(주)","12세이상관람가","드라마,멜로/로맨스","존 크로울리",50404,207,2129
"234","브릭 맨션: 통제불능 범죄구역",41878,"프랑스","","씨네그루(주)다우기술","15세이상관람가","액션,범죄,드라마","카밀 들라마레",74649,499,5705
"235","블루 재스민",41542,"미국","","(주)인벤트스톤","15세이상관람가","드라마","우디 앨런",130289,305,6880
"236","비긴 어게인",41864,"미국","","판씨네마(주)","15세이상관람가","멜로/로맨스","존 카니",2436868,501,43988
"237","비밀",42292,"한국","영화사 도로시(주),(주)에스에이치기획","CGV아트하우스","15세이상관람가","미스터리,드라마","박은경,이동하",50196,408,5180
"238","비밀은 없다",42544,"한국","(주)영화사거미,필름트레인","씨제이이앤엠(주)","청소년관람불가","스릴러","이경미",250311,341,14721
"239","비행기",41627,"미국","","소니픽쳐스릴리징월트디즈니스튜디오스코리아(주)","전체관람가","애니메이션","클레이 홀",233557,290,6230
"240","비행기 2: 소방구조대",41864,"미국","","소니픽쳐스릴리징월트디즈니스튜디오스코리아(주)","전체관람가","애니메이션,어드벤처,코미디","로버츠 개너웨이",311456,825,6562
"241","빅 아이즈",42032,"미국","","판씨네마(주)","12세이상관람가","드라마","팀 버튼",85080,627,5491
"242","빅 히어로",42025,"미국","","월트디즈니컴퍼니코리아(주)","전체관람가","애니메이션,액션,코미디","돈 홀,크리스 윌리암스",2780940,56,60884
"243","빅매치",41970,"한국","(주)보경사","(주)넥스트엔터테인먼트월드(NEW)","15세이상관람가","액션","최호",1177438,489,38529
"244","빅뱅 메이드",42551,"한국","(주)와이지엔터테인먼트","씨제이 씨지브이(CJ CGV)(주)","12세이상관람가","다큐멘터리","변진호",55241,343,1792
"245","빅쇼트",42390,"미국","","롯데쇼핑㈜롯데엔터테인먼트","청소년관람불가","드라마","아담 맥케이",444718,544,17227
"246","빌리와 용감한 녀석들 3",42124,"미국","","롯데쇼핑㈜롯데엔터테인먼트","전체관람가","애니메이션,어드벤처","척 파워스",96732,695,3292
"247","뽀로로 극장판 컴퓨터 왕국 대모험",42348,"한국","(주)오콘","(주)넥스트엔터테인먼트월드(NEW)","전체관람가","애니메이션","박영균",441721,1210,12628
"248","사냥",42550,"한국","(주)빅스톤픽쳐스","롯데쇼핑㈜롯데엔터테인먼트","15세이상관람가","액션","이우철",645855,399,28854
"249","사도",42263,"한국","(주)타이거픽쳐스","(주)쇼박스","12세이상관람가","사극","이준익",6227219,335,123253
"250","사랑에 대한 모든 것",41983,"미국","","유니버설픽쳐스인터내셔널 코리아(유)","12세이상관람가","멜로/로맨스","제임스 마쉬",275455,192,12462
"251","사우스포",42341,"미국","","씨네그루(주)다우기술","15세이상관람가","드라마,액션","안톤 후쿠아",92789,646,6475
"252","산타의 매직 크리스탈",41606,"벨기에","","(주)팝엔터테인먼트","전체관람가","애니메이션,어드벤처,코미디","앙티 하이칼라",60485,207,1916
"253","살인의뢰",42075,"한국","(주)미인픽쳐스","씨네그루(주)다우기술","청소년관람불가","범죄,스릴러","손용호",855149,466,35231
"254","살인자",41654,"한국","(주)홍필름","(주)영화사 빅","청소년관람불가","스릴러","이기욱",88199,847,3744
"255","상의원",41997,"한국","(주)영화사비단길,상의원문화산업전문(유)","(주)쇼박스,(주)와우픽쳐스","15세이상관람가","사극,드라마","이원석",788476,374,17116
"256","샌 안드레아스",42158,"미국","","워너브러더스 코리아(주)","12세이상관람가","액션,드라마,스릴러","브레드 페이튼",1716228,509,62002
"257","섀도우 헌터스: 뼈의 도시",41529,"미국","","롯데쇼핑㈜롯데엔터테인먼트","15세이상관람가","판타지,액션","해럴드 즈워트",571074,419,18273
"258","서부전선",42271,"한국","(주)하리마오픽쳐스","롯데쇼핑㈜롯데엔터테인먼트","12세이상관람가","전쟁,드라마","천성일",608359,1067,18928
"259","선 오브 갓",41739,"미국","","(주)프레인글로벌","12세이상관람가","드라마","크리스토퍼 스펜서",328360,607,15261
"260","설국열차",41487,"한국","(주)모호필름,오퍼스픽쳐스","씨제이이앤엠(주)","15세이상관람가","SF,액션","봉준호",4395186,297,72467
"261","성난 변호사",42285,"한국","씨제이이앤엠(주),(주)영화사 빛나는 제국,우수영화사","씨제이이앤엠(주)","15세이상관람가","범죄,액션","허종호",1126394,308,36963
"262","세이빙 산타",41627,"영국","","(주)영화사 빅","전체관람가","애니메이션,코미디,가족","레온 주센,아론 실먼",235668,340,5141
"263","세인트 빈센트",42068,"미국","","(주)영화사 빅","12세이상관람가","코미디,드라마","데오도르 멜피",79715,891,6312
"264","셀프/리스",42257,"미국","","(주)이수C&E","15세이상관람가","SF,액션,스릴러","타셈 싱",111089,455,6775
"265","셜록: 유령신부",42371,"영국","","메가박스(주)플러스엠","12세이상관람가","범죄,드라마","더글라스 맥키넌",1278862,368,32682
"266","소녀괴담",41822,"한국","(주)고스트픽처스,(주)주피터필름","(주)리틀빅픽쳐스","15세이상관람가","미스터리,공포(호러)","오인천",481270,398,19430
"267","소셜포비아",42075,"한국","한국영화아카데미","CGV아트하우스","15세이상관람가","스릴러,드라마","홍석재",247930,651,15110
"268","소수의견",42179,"한국","(주)하리마오픽쳐스","(주)시네마서비스","15세이상관람가","드라마","김성제",382787,634,16240
"269","소원",41549,"한국","(주)필름모멘텀","롯데쇼핑㈜롯데엔터테인먼트","12세이상관람가","드라마","이준익",2687473,263,70876
"270","손님",42194,"한국","(주)유비유필름","씨제이이앤엠(주)","15세이상관람가","판타지,공포(호러)","김광태",827918,1027,23403
"271","숀더쉽",42229,"영국","","(주)박수엔터테인먼트","전체관람가","애니메이션,어드벤처,코미디","마크 버튼,리처드 스타잭",85364,546,2858
"272","수상한 그녀",41661,"한국","(주)예인플러스엔터테인먼트,아이앤코스모스(주)시네와이즈필름","씨제이이앤엠(주)","15세이상관람가","드라마","황동혁",8197020,467,114537
"273","순수의 시대",42068,"한국","㈜화인웍스,(주)키메이커","씨제이이앤엠(주)","청소년관람불가","사극,드라마","안상훈",469891,779,23623
"274","순정",42424,"한국","(주)주피터필름","(주)리틀빅픽쳐스","12세이상관람가","드라마","이은희",228410,356,10492
"275","숨바꼭질",41500,"한국","(주)드림캡쳐","(주)넥스트엔터테인먼트월드(NEW)","15세이상관람가","스릴러","허정",5584974,303,87518
"276","숲속으로",41997,"미국","","월트디즈니컴퍼니코리아(주)","전체관람가","뮤지컬","롭 마샬",341882,424,8659
"277","슈퍼미니",41739,"프랑스","","판씨네마(주)","전체관람가","애니메이션,액션,어드벤처","토마스 자보,헬레네 지라드",89328,348,3329
"278","슈퍼배드 2",41529,"미국","","유니버설픽쳐스인터내셔널 코리아(유)","전체관람가","애니메이션","크리스 리노드,피에르 꼬팽",873759,926,15945
"279","스누피: 더 피너츠 무비",42362,"미국","","이십세기폭스코리아(주)","전체관람가","애니메이션,어드벤처,코미디","스티브 마티노",195738,940,4802
"280","스물",42088,"한국","(주)영화나무,(주)아이에이치큐","(주)넥스트엔터테인먼트월드(NEW)","15세이상관람가","코미디,드라마","이병헌",3030311,325,99906
"281","스타워즈: 깨어난 포스",42355,"미국","","월트디즈니컴퍼니코리아(주)","12세이상관람가","액션,어드벤처,판타지","J.J. 에이브럼스",3271473,384,69113
"282","스텝 업: 올 인",41885,"미국","","(주)나이너스엔터테인먼트","12세이상관람가","드라마,멜로/로맨스","트리시 시에",562601,116,15360
"283","스티브 잡스",42390,"미국","","유니버설픽쳐스인터내셔널 코리아(유)","12세이상관람가","드라마","대니 보일",68372,665,6377
"284","스틸 앨리스",42123,"미국","","그린나래미디어(주)","12세이상관람가","드라마","리처드 글랫저,워시 웨스트모어랜드",109655,425,4820
"285","스파이",41522,"한국","(주)제이케이필름,씨제이이앤엠(주)","씨제이이앤엠(주)","15세이상관람가","액션","이승준",2329186,320,62957
"286","스파이 브릿지",42313,"미국","","이십세기폭스코리아(주)","12세이상관람가","스릴러,드라마","스티븐 스필버그",263963,357,12428
"287","스포트라이트",42424,"미국","","(주)팝엔터테인먼트","15세이상관람가","드라마,스릴러","토마스 맥카시",296091,618,13297
"288","스폰지밥 3D",42053,"미국","","씨제이이앤엠(주)","전체관람가","애니메이션,어드벤처,코미디","폴 티비트",324735,733,8411
"289","슬로우 비디오",41914,"한국","이십세기폭스 인터내셔널 프로덕션,(주)영화사AK기쁜우리젊은날","이십세기폭스코리아(주)","12세이상관람가","드라마,코미디","김영탁",1167289,227,40656
"290","시간이탈자",42473,"한국","씨제이이앤엠(주),상상필름(주)","씨제이이앤엠(주)","15세이상관람가","스릴러","곽재용",1201778,531,55036
"291","시카리오: 암살자의 도시",42341,"미국","","롯데쇼핑㈜롯데엔터테인먼트","청소년관람불가","범죄,미스터리,스릴러","드니 빌뇌브",147965,794,6476
"292","신데렐라",42082,"미국","","월트디즈니컴퍼니코리아(주)","전체관람가","멜로/로맨스","케네스 브래너",716226,285,27493
"293","신의 한 수",41823,"한국","(주)메이스엔터테인먼트,(주)아지트필름","(주)쇼박스","청소년관람불가","범죄,액션","조범구",3565910,180,77073
"294","신이 보낸 사람",41683,"한국","주식회사 태풍코리아","(주)씨타마운틴픽쳐스,(주)마인스 엔터테인먼트","15세이상관람가","드라마","김진무",417922,494,12432
"295","심야식당",42173,"일본","","(주)영화사 진진","12세이상관람가","드라마","마츠오카 조지",130762,422,5643
"296","싱 스트리트",42509,"아일랜드","","(주)이수C&E","15세이상관람가","드라마,멜로/로맨스","존 카니",550875,829,22406
"297","썬더와 마법저택",41632,"벨기에","","씨제이이앤엠(주)","전체관람가","애니메이션,어드벤처,가족","벤 스타센,제레미 드그루손",902345,297,15568
"298","쎄시봉",42040,"한국","유한회사 제이필름,(주)무브픽쳐스","씨제이이앤엠(주)","15세이상관람가","멜로/로맨스,코미디,드라마","김현석",1708690,388,51669
"299","쓰리 썸머 나잇",42200,"한국","더램프(주),㈜감독의집","(주)리틀빅픽쳐스,(주)인벤트스톤","청소년관람불가","코미디","김상진",77621,345,5391
"300","쓰리데이즈 투 킬",41732,"미국","","롯데쇼핑㈜롯데엔터테인먼트","15세이상관람가","액션,스릴러","맥지",228422,1171,13723
"301","씬 시티: 다크히어로의 부활",41893,"미국","","메가박스(주)플러스엠","청소년관람불가","액션,범죄,스릴러","프랭크 밀러,로버트 로드리게즈",82571,331,8413
"302","아가씨",42522,"한국","유한회사 아가씨에프에스,(주)모호필름,(주)용필름","씨제이이앤엠(주)","청소년관람불가","스릴러,드라마","박찬욱",4265027,267,89010
"303","아더 우먼",41956,"미국","","이십세기폭스코리아(주)","15세이상관람가","코미디,멜로/로맨스","닉 카사베츠",75097,111,6390
"304","아더와 미니모이 3: 두 세계의 전쟁",42313,"프랑스","","(주)라이크 콘텐츠","전체관람가","애니메이션","뤽 베송",61288,308,2067
"305","아메리칸 셰프",42011,"미국","","(주)영화사 진진","15세이상관람가","코미디","존 파브로",143033,341,4337
"306","아메리칸 스나이퍼",42018,"미국","","워너브러더스 코리아(주)","청소년관람불가","액션","클린트 이스트우드",343479,245,10688
"307","아메리칸 울트라",42243,"미국","","씨제이이앤엠(주)","청소년관람불가","액션,코미디","니마 누리자데",161382,326,8634
"308","아메리칸 허슬",41690,"미국","","(주)누리픽쳐스","청소년관람불가","범죄,드라마","데이빗 O. 러셀",155201,776,6173
"309","아빠를 빌려드립니다",41963,"한국","(주)이스트스카이필름,(주)어뮤즈엔터테인먼트","메가박스(주)플러스엠,(주)레드로버","12세이상관람가","코미디,가족,드라마","김덕수",170217,326,8448
"310","악의 연대기",42138,"한국","(주)비에이엔터테인먼트","씨제이이앤엠(주)","15세이상관람가","스릴러","백운학",2191589,1519,64342
"311","안녕, 헤이즐",41864,"미국","","이십세기폭스코리아(주)","12세이상관람가","드라마,멜로/로맨스","조쉬 분",744078,464,17887
"312","암살",42207,"한국","(주)케이퍼필름","(주)쇼박스","15세이상관람가","액션,드라마","최동훈",12192629,949,155529
"313","애나벨",41914,"미국","","워너브러더스 코리아(주)","15세이상관람가","공포(호러)","존 R. 레오네티",926027,380,29000
"314","앤트맨",42250,"미국","","월트디즈니컴퍼니코리아(주)","12세이상관람가","액션,SF","페이튼 리드",2841299,661,74624
"315","앨빈과 슈퍼밴드: 악동 어드벤처",42404,"미국","","이십세기폭스코리아(주)","전체관람가","애니메이션,어드벤처,코미디","월트 벡커",289645,249,8904
"316","앵그리버드 더 무비",42509,"미국","","유니버설픽쳐스인터내셔널 코리아(유)","전체관람가","애니메이션","퍼갈 레일리,클레이 케이티스",677738,494,15699
"317","어거스트: 가족의 초상",41732,"미국","","주식회사 우리네트웍스","15세이상관람가","드라마","존 웰스",69377,1312,5153
"318","어린왕자",42361,"프랑스","","씨네그루(주)다우기술","전체관람가","애니메이션,판타지,어드벤처","마크 오스본",577001,568,12305
"319","어메이징 스파이더맨 2",41752,"미국","","소니픽쳐스릴리징월트디즈니스튜디오스코리아(주)","12세이상관람가","액션,판타지","마크 웹",4168077,1843,91705
"320","어바웃 타임",41613,"영국","","유니버설픽쳐스인터내셔널 코리아(유)","15세이상관람가","멜로/로맨스,코미디","리차드 커티스",3275308,401,59169
"321","어벤져스: 에이지 오브 울트론",42117,"미국","","월트디즈니컴퍼니코리아(주)","12세이상관람가","액션,어드벤처,판타지,SF","조스 웨던",10473813,386,190236
"322","언브로큰",42011,"미국","","유니버설픽쳐스인터내셔널 코리아(유)","15세이상관람가","액션,드라마,전쟁","안젤리나 졸리",256801,331,10781
"323","언프렌디드: 친구삭제",42131,"미국","","유니버설픽쳐스인터내셔널 코리아(유)","15세이상관람가","공포(호러),스릴러","레오 가브리아제",219588,471,9988
"324","에베레스트",42271,"미국","","유니버설픽쳐스인터내셔널 코리아(유)","12세이상관람가","어드벤처,드라마,스릴러","발타자르 코루마쿠르",331814,865,9340
"325","에픽 : 숲속의 전설",41493,"미국","","이십세기폭스코리아(주)","전체관람가","애니메이션,어드벤처","크리스 웻지",857666,207,15704
"326","엑소더스: 신들과 왕들",41976,"미국","","이십세기폭스코리아(주)","12세이상관람가","드라마","리들리 스콧",1511771,1056,43769
"327","엑스 마키나",42025,"미국","","유니버설픽쳐스인터내셔널 코리아(유)","청소년관람불가","SF,스릴러","알렉스 가랜드",78049,1258,4057
"328","엑스맨: 데이즈 오브 퓨처 패스트",41781,"미국","","이십세기폭스코리아(주)","12세이상관람가","액션,판타지,SF,어드벤처","브라이언 싱어",4311068,460,82593
"329","엑스맨: 아포칼립스",42515,"미국","","이십세기폭스코리아(주)","12세이상관람가","액션,어드벤처,판타지,SF","브라이언 싱어",2934732,588,66263
"330","엔더스 게임",41639,"미국","","롯데쇼핑㈜롯데엔터테인먼트","12세이상관람가","SF,액션,어드벤처","개빈 후드",651966,801,21250
"331","엘리시움",41515,"미국","","소니픽쳐스릴리징월트디즈니스튜디오스코리아(주)","청소년관람불가","SF,액션","닐 블롬캠프",1204335,1054,31472
"332","엣지 오브 투모로우",41794,"미국","","워너브러더스 코리아(주)","12세이상관람가","액션,SF","더그 라이만",4678236,398,93651
"333","역린",41759,"한국","굿초이스컷픽쳐스(주),(주)파파스필름","롯데쇼핑㈜롯데엔터테인먼트","15세이상관람가","사극","이재규",3843324,1013,83180
"334","연애의 맛",42131,"한국","(주)청우필름","(주)와우픽쳐스,(주)쇼박스","청소년관람불가","멜로/로맨스,코미디","김아론",214373,566,12473
"335","연평해전",42179,"한국","(주)로제타시네마","(주)넥스트엔터테인먼트월드(NEW)","12세이상관람가","드라마","김학순",6018707,512,113901
"336","열정같은소리하고있네",42333,"한국","반짝반짝영화사(주)","(주)넥스트엔터테인먼트월드(NEW)","15세이상관람가","드라마","정기훈",652418,387,30453
"337","열한시",41606,"한국","(주)파레토웍스,씨제이이앤엠(주)","씨제이이앤엠(주)","15세이상관람가","스릴러","김현석",870177,396,32534
"338","엽기적인 그녀 2",42502,"한국","(주)신씨네","(주)리틀빅픽쳐스","15세이상관람가","멜로/로맨스,코미디","조근식",76315,709,6081
"339","오 마이 그랜파",42446,"미국","","판씨네마(주)","청소년관람불가","코미디","댄 마저",79701,254,8842
"340","오늘의 연애",42018,"한국","(주)팝콘에프앤엠","씨제이이앤엠(주)","15세이상관람가","멜로/로맨스,코미디","박진표",1891940,855,47230
"341","오베라는 남자",42515,"스웨덴","","(주)싸이더스,(주)디스테이션","12세이상관람가","드라마","하네스 홀름",81312,233,4271
"342","오빠생각",42390,"한국","(주)조이래빗","(주)넥스트엔터테인먼트월드(NEW)","12세이상관람가","드라마,전쟁","이한",1067867,330,44779
"343","오싱",41613,"일본","","(주)팝엔터테인먼트","전체관람가","드라마","토가시 신",68155,336,3634
"344","오즈의 마법사: 돌아온 도로시",42047,"미국","","(주)박수엔터테인먼트","전체관람가","애니메이션,판타지,뮤지컬,어드벤처,가족","윌 핀,댄 세인트 피에르",292960,425,7520
"345","오큘러스",41788,"미국","","씨네그루(주)다우기술","15세이상관람가","미스터리,공포(호러),스릴러","마이크 플래너건",278838,58,9205
"346","오피스",42250,"한국","(주)영화사꽃","(주)리틀빅픽쳐스","15세이상관람가","스릴러,미스터리","홍원찬",438139,807,18557
"347","와일드",42026,"미국","","이십세기폭스코리아(주)","청소년관람불가","드라마","장 마크 발레",78721,508,2553
"348","용의자",41632,"한국","(주)그린피쉬,(주)쇼박스","(주)쇼박스","15세이상관람가","액션,스릴러","원신연",4127218,42,69099
"349","우는 남자",41794,"한국","다이스필름(주)","씨제이이앤엠(주)","청소년관람불가","액션,드라마","이정범",603409,566,22315
"350","우리 선희",41529,"한국","(주)영화제작전원사","(주)영화제작전원사 ,(주)영화사 조제","청소년관람불가","드라마","홍상수",66752,252,3711
"351","우리는 형제입니다",41935,"한국","필름있수다","(주)쇼박스","12세이상관람가","코미디,드라마","장진",970021,573,41636
"352","우먼 인 골드",42194,"미국","","(주)팝엔터테인먼트","12세이상관람가","드라마","사이먼 커티스",139862,736,5697
"353","우아한 거짓말",41711,"한국","(주)유비유필름,(주)무비락","CGV아트하우스","12세이상관람가","드라마","이한",1608175,308,57322
"354","워크래프트: 전쟁의 서막",42530,"미국","","유니버설픽쳐스인터내셔널 코리아(유)","12세이상관람가","액션,어드벤처,판타지","던칸 존스",1163067,326,34089
"355","워킹걸",42011,"한국","(주)홍필름,(주)수필름","메가박스(주)플러스엠","청소년관람불가","코미디,멜로/로맨스","정범식",142505,329,7052
"356","워터 디바이너",42032,"미국","","롯데쇼핑㈜롯데엔터테인먼트","15세이상관람가","드라마,전쟁","러셀 크로우",135745,378,9178
"357","원 챈스",41711,"영국","","(주)넥스트엔터테인먼트월드(NEW)","12세이상관람가","코미디,드라마","데이빗 프랭클",80977,523,7388
"358","월터의 상상은 현실이 된다",41639,"미국","","이십세기폭스코리아(주)","12세이상관람가","어드벤처,코미디,드라마","벤 스틸러",928260,235,24424
"359","위대한 소원",42481,"한국","주식회사 브레인샤워","(주)넥스트엔터테인먼트월드(NEW)","15세이상관람가","코미디,드라마","남대중",306249,337,22743
"360","위아영",42138,"미국","","(주)브리즈픽처스,(주)영화사오원","15세이상관람가","코미디,드라마","노아 바움백",61065,574,4903
"361","위자",42110,"미국","","유니버설픽쳐스인터내셔널 코리아(유)","15세이상관람가","미스터리,공포(호러)","스틸즈 화이트",73549,429,6158
"362","위플래쉬",42075,"미국","","(주)쇼박스","15세이상관람가","드라마","다미엔 차젤레",1538645,65,54392
"363","위험한 상견례 2",42123,"한국","(주)전망좋은 영화사,TCO(주)더콘텐츠온,(주)마음에드는영화사","롯데쇼핑㈜롯데엔터테인먼트,(주)마인스 엔터테인먼트","15세이상관람가","멜로/로맨스,코미디","김진영",472535,394,18408
"364","유스",42376,"이탈리아","","그린나래미디어(주)","15세이상관람가","드라마","파올로 소렌티노",81565,305,2968
"365","은밀한 유혹",42159,"한국","(주)영화사비단길,(주)수필름","씨제이이앤엠(주)","15세이상관람가","멜로/로맨스,범죄","윤재구",145547,541,14968
"366","응징자",41577,"한국","(주)엔브릭스","(주)인벤트스톤","청소년관람불가","액션,스릴러","신동엽",192347,287,12023
"367","이미테이션 게임",42052,"영국","","메가박스(주)플러스엠","15세이상관람가","드라마,스릴러","모튼 틸덤",1721148,85,44450
"368","이스케이프 플랜",41613,"미국","","판씨네마(주)","청소년관람불가","액션,스릴러","미카엘 하프스트롬",292893,320,10332
"369","이웃집에 신이 산다",42362,"벨기에","","(주)엣나인필름","청소년관람불가","코미디","자코 반 도마엘",96741,682,3125
"370","익스펜더블 3",41871,"미국","","롯데쇼핑㈜롯데엔터테인먼트","15세이상관람가","액션,어드벤처,스릴러","패트릭 휴즈",151741,926,8076
"371","인간중독",41773,"한국","(주)아이언팩키지","(주)넥스트엔터테인먼트월드(NEW)","청소년관람불가","멜로/로맨스,드라마","김대우",1440253,196,43956
"372","인디펜던스 데이 : 리써전스",42543,"미국","","이십세기폭스코리아(주)","12세이상관람가","액션,어드벤처,SF","롤랜드 에머리히",1500364,70,47406
"373","인보카머스",41872,"미국","","소니픽쳐스릴리징월트디즈니스튜디오스코리아(주)","청소년관람불가","공포(호러)","스콧 데릭슨",69786,931,3146
"374","인사이드 르윈",41668,"미국","","블루미지","15세이상관람가","드라마","조엘 코엔,에단 코엔",101872,480,3580
"375","인사이드 아웃",42194,"미국","","월트디즈니컴퍼니코리아(주)","전체관람가","애니메이션,코미디","피트 닥터",4797586,416,79256
"376","인서전트",42088,"미국","","롯데쇼핑㈜롯데엔터테인먼트","15세이상관람가","SF,액션","로베르트 슈벤트케",282630,405,18199
"377","인시디어스 3",42194,"미국","","유니버설픽쳐스인터내셔널 코리아(유)","15세이상관람가","공포(호러)","리 워넬",825517,1410,20824
"378","인시디어스: 두번째 집",41613,"미국","","소니픽쳐스릴리징월트디즈니스튜디오스코리아(주)","15세이상관람가","공포(호러)","제임스 완",577758,659,18656
"379","인터스텔라",41949,"미국","","워너브러더스 코리아(주)","12세이상관람가","SF","크리스토퍼 놀란",9737539,585,158008
"380","인턴",42271,"미국","","워너브러더스 코리아(주)","12세이상관람가","코미디","낸시 마이어스",3428553,263,73652
"381","인투 더 스톰",41879,"미국","","워너브러더스 코리아(주)","12세이상관람가","액션,스릴러","스티븐 쿼일",2077960,193,45879
"382","일곱난쟁이",41997,"독일","","메가박스(주)플러스엠","전체관람가","애니메이션,어드벤처,가족","헤랄드 지페르만",226399,66,3867
"383","일대종사",41508,"중국","","CGV아트하우스","12세이상관람가","액션,드라마","왕가위",99959,402,5761
"384","일사각오",42446,"한국","KBS","파이오니아21","12세이상관람가","드라마","권혁만",77575,219,2366
"385","잡스",41515,"미국","","(주)넥스트엔터테인먼트월드(NEW)","12세이상관람가","드라마","조슈아 마이클 스턴",225146,688,12016
"386","잡아야 산다",42376,"한국","더퀸디앤엠 주식회사","오퍼스픽쳐스","15세이상관람가","코미디,액션","오인천",54835,419,3186
"387","장수상회",42103,"한국","(주)빅픽쳐,씨제이이앤엠(주)","씨제이이앤엠(주)","12세이상관람가","멜로/로맨스,드라마","강제규",1153291,332,52513
"388","잭 라이언 : 코드네임 쉐도우",41655,"미국","","씨제이이앤엠(주)","12세이상관람가","액션,드라마,스릴러","케네스 브래너",327591,224,12908
"389","저스틴",41639,"스페인","","(주)넥스트엔터테인먼트월드(NEW)","전체관람가","애니메이션,어드벤처","마누엘 시실라",264497,924,6777
"390","정글번치 : 빙산으로의 귀환",41549,"프랑스","","(주)팝엔터테인먼트","전체관람가","애니메이션","다비드 알로,에릭 토스티",62481,287,2386
"391","정글북",42530,"미국","","월트디즈니컴퍼니코리아(주)","12세이상관람가","어드벤처,드라마","존 파브로",2533220,312,59016
"392","정글히어로",41914,"한국","원더월드 스튜디오,(주)디씨지플러스","씨제이이앤엠(주)","전체관람가","애니메이션","박태동,마우리시오 드 라 오르타",70823,676,2739
"393","제 5침공",42425,"미국","","유니버설픽쳐스인터내셔널 코리아(유)","12세이상관람가","액션,어드벤처,SF","J 블레이크슨",135874,607,5195
"394","제보자",41914,"한국","(주)영화사수박","메가박스(주)플러스엠","12세이상관람가","드라마","임순례",1751357,825,58308
"395","조선마술사",42368,"한국","위더스필름(주)","롯데쇼핑㈜롯데엔터테인먼트","12세이상관람가","드라마","김대승",628167,388,18626
"396","조선명탐정 : 사라진 놉의 딸",42046,"한국","청년필름(주)","(주)쇼박스","12세이상관람가","사극,코미디,어드벤처","김석윤",3871323,405,80478
"397","조선미녀삼총사",41668,"한국","웰메이드필름","(주)쇼박스","12세이상관람가","코미디,액션,사극","박제현",480192,321,14030
"398","조이",42439,"미국","","이십세기폭스코리아(주)","12세이상관람가","코미디,드라마","데이빗 O. 러셀",171335,636,12840
"399","존 윅",42025,"미국","","(주)나이너스엔터테인먼트","청소년관람불가","액션,스릴러","데이빗 레이치,채드 스타헬스키",114284,371,6623
"400","좋아해줘",42417,"한국","리양필름주식회사,(주)제이케이필름","씨제이이앤엠(주)","12세이상관람가","멜로/로맨스,코미디","박현진",846492,394,27115
"401","좋은 친구들",41830,"한국","오퍼스픽쳐스,굿초이스컷픽쳐스(주)","씨제이이앤엠(주)","청소년관람불가","범죄,드라마","이도윤",404456,318,17820
"402","주온 : 끝의 시작",41836,"일본","","(주)넥스트엔터테인먼트월드(NEW)","15세이상관람가","공포(호러)","오치아이 마사유키",410430,735,15338
"403","주온: 더 파이널",42278,"일본","","유니버설픽쳐스인터내셔널 코리아(유)","15세이상관람가","공포(호러)","오치아이 마사유키",61130,561,4882
"404","주토피아",42417,"미국","","월트디즈니컴퍼니코리아(주)","전체관람가","애니메이션,액션,어드벤처","바이론 하워드,리치 무어",3177093,1290,71521
"405","주피터 어센딩",42040,"미국","","워너브러더스 코리아(주)","12세이상관람가","SF,액션,어드벤처","라나 워쇼스키,앤디 워쇼스키",309729,70,16453
"406","쥬라기 월드",42166,"미국","","유니버설픽쳐스인터내셔널 코리아(유)","12세이상관람가","액션,어드벤처,SF","콜린 트레보로우",5513672,740,117514
"407","지금은맞고그때는틀리다",42271,"한국","(주)영화제작전원사","(주)영화제작전원사 ,(주)넥스트엔터테인먼트월드(NEW)","청소년관람불가","드라마","홍상수",76021,372,4583
"408","집으로 가는 길",41619,"한국","씨제이이앤엠(주),(주)다세포클럽","씨제이이앤엠(주)","15세이상관람가","드라마","방은진",1852430,350,42767
"409","짱구는 못말려 극장판 : 정면승부! 로봇아빠의 역습",42117,"일본","","(주)이수C&E","전체관람가","애니메이션,코미디,어드벤처","타카하시 와타루",150170,301,5088
"410","짱구는 못말려 극장판: 나의 이사 이야기 선인장 대습격",42376,"일본","","(주)넥스트엔터테인먼트월드(NEW)","전체관람가","애니메이션","하시모토 마사카즈",202538,560,6706
"411","짱구는 못말려 극장판：엄청 맛있어! B급 음식 서바이벌!",41732,"일본","","롯데쇼핑㈜롯데엔터테인먼트","전체관람가","애니메이션","하시모토 마사카즈",84306,551,3278
"412","찌라시: 위험한 소문",41690,"한국","(주)영화사수박","씨제이이앤엠(주)","15세이상관람가","범죄,드라마","김광식",1221207,300,37422
"413","차이나타운",42123,"한국","폴룩스픽쳐스(주)","CGV아트하우스","청소년관람불가","범죄,드라마","한준희",1471418,415,45085
"414","창문 넘어 도망친 100세 노인",41808,"스웨덴","","(주)영화사 빅","15세이상관람가","어드벤처,코미디,드라마","플렉스 할그렌",239274,536,11117
"415","창수",41606,"한국","영화사아람(주),(주)마이더스필름","(주)마인스 엔터테인먼트,(주)박수엔터테인먼트","청소년관람불가","드라마","이덕희",429141,533,19471
"416","채피",42075,"미국","","유니버설픽쳐스인터내셔널 코리아(유)","15세이상관람가","액션,스릴러","닐 블롬캠프",571985,318,24647
"417","천재 강아지 미스터 피바디",41753,"미국","","씨제이이앤엠(주)","전체관람가","애니메이션,어드벤처,가족","롭 민코프",382550,349,10442
"418","최강전사 미니특공대 : 새로운 악당의 습격",42040,"한국","(주)삼지애니메이션","에이원엔터테인먼트","전체관람가","애니메이션","이영준",155274,446,4606
"419","최강전사 미니특공대: 영웅의 탄생",42404,"한국","(주)삼지애니메이션","(주)삼지애니메이션","전체관람가","애니메이션","이영준",116347,968,4749
"420","치외법권",42243,"한국","(주)유니프로,(주)스톰픽쳐스코리아","판씨네마(주)","15세이상관람가","액션","신동엽",346483,293,15297
"421","친구 2",41592,"한국","(주)트리니티엔터테인먼트,(주)제이콘컴퍼니","롯데쇼핑㈜롯데엔터테인먼트","청소년관람불가","액션","곽경택",2969900,544,69856
"422","카운슬러",41592,"미국","","이십세기폭스코리아(주)","청소년관람불가","범죄,드라마,스릴러","리들리 스콧",133272,288,7740
"423","카트",41956,"한국","(주)명필름","(주)리틀빅픽쳐스","12세이상관람가","드라마","부지영",795078,517,28423
"424","캐롤",42404,"미국","","CGV아트하우스","청소년관람불가","드라마","토드 헤인즈",311707,1990,10750
"425","캐치미",41626,"한국","(주)소넷엔터테인먼트,(주)심엔터테인먼트","롯데쇼핑㈜롯데엔터테인먼트","12세이상관람가","코미디,멜로/로맨스","이현종",489948,1106,16847
"426","캡틴 아메리카: 시빌 워",42487,"미국","","월트디즈니컴퍼니코리아(주)","12세이상관람가","액션,SF,스릴러","안소니 루소,조 루소",8669650,302,161298
"427","캡틴 아메리카: 윈터 솔져",41724,"미국","","소니픽쳐스릴리징월트디즈니스튜디오스코리아(주)","15세이상관람가","액션,어드벤처,SF","조 루소,안소니 루소",3934659,563,109096
"428","캡틴 필립스",41570,"미국","","소니픽쳐스릴리징월트디즈니스튜디오스코리아(주)","15세이상관람가","액션,드라마","폴 그린그래스",240079,640,10576
"429","컨저링",41534,"미국","","워너브러더스 코리아(주)","15세이상관람가","공포(호러),스릴러","제임스 완",2257760,343,48566
"430","컨저링 2",42530,"미국","","워너브러더스 코리아(주)","15세이상관람가","공포(호러)","제임스 완",1923279,180,45613
"431","컬러풀 웨딩즈",41928,"프랑스","","(주)이수C&E","12세이상관람가","코미디","필립 드 쇼브홍",190384,1365,12956
"432","쿰바: 반쪽무늬 얼룩말의 대모험",41886,"남아프리카공화국","","(주)와이즈베이","전체관람가","애니메이션,어드벤처,가족","앤서니 실버스톤",73682,351,2004
"433","쿵푸팬더3",42397,"미국","드림웍스 애니메이션","씨제이이앤엠(주)","전체관람가","애니메이션,액션,어드벤처","여인영,알레산드로 칼로니",3983422,574,97345
"434","크리미널",42543,"영국","","(주)영화사 빅","15세이상관람가","액션,범죄","아리엘 브로멘",90277,728,7009
"435","클로버필드 10번지",42467,"미국","","롯데쇼핑㈜롯데엔터테인먼트","15세이상관람가","미스터리,스릴러","댄 트라첸버그",357667,232,24674
"436","킹스맨 : 시크릿 에이전트",42046,"미국","","이십세기폭스코리아(주)","청소년관람불가","액션,스릴러","매튜 본",5329549,527,105201
"437","타임 패러독스",42011,"호주","","(유)조이앤시네마","15세이상관람가","SF,스릴러","마이클 스피어리그,피터 스피어이그",80263,890,4322
"438","타잔 3D",41648,"독일","","(주)싸이더스","전체관람가","애니메이션,액션,어드벤처","라인하드 클루스",595285,764,12984
"439","타짜-신의 손",41885,"한국","(주)싸이더스","롯데쇼핑㈜롯데엔터테인먼트,(주)싸이더스","청소년관람불가","드라마","강형철",3970445,763,80051
"440","탐정 : 더 비기닝",42271,"한국","(주)크리픽쳐스","씨제이이앤엠(주)","15세이상관람가","코미디,범죄","김정훈",2618850,264,54848
"441","탐정 홍길동: 사라진 마을",42494,"한국","(주)영화사비단길","씨제이이앤엠(주)","15세이상관람가","드라마,액션","조성희",1429392,1113,40971
"442","터널 3D",41871,"한국","(주)필마픽쳐스 ,(주)씨제이에스지 마당엔터테인먼트","(주)박수엔터테인먼트","15세이상관람가","공포(호러),스릴러","박규택",79861,333,5071
"443","터미네이터 제니시스",42187,"미국","","롯데쇼핑㈜롯데엔터테인먼트","15세이상관람가","액션,어드벤처,SF,스릴러","앨런 테일러",3234948,182,77500
"444","터보",41480,"미국","","씨제이이앤엠(주)","전체관람가","애니메이션","데이빗 소렌",365734,616,6996
"445","터키",41851,"미국","","롯데쇼핑㈜롯데엔터테인먼트","전체관람가","애니메이션,코미디","지미 헤이워드",113795,733,2384
"446","테이큰 3",42005,"미국","","이십세기폭스코리아(주)","15세이상관람가","액션,범죄,스릴러","올리비에 메가턴",2006561,397,39748
"447","토르: 다크 월드",41577,"미국","","소니픽쳐스릴리징월트디즈니스튜디오스코리아(주)","12세이상관람가","액션,어드벤처,판타지","앨런 테일러",3037402,331,77937
"448","톱스타",41571,"한국","영화사 문(주)","롯데쇼핑㈜롯데엔터테인먼트","15세이상관람가","드라마","박중훈",170270,198,12188
"449","퇴마: 무녀굴",42236,"한국","(주)케이프로덕션,플로우식스(주),버티고필름","씨네그루(주)다우기술","15세이상관람가","공포(호러),스릴러","김휘",120802,435,6463
"450","투 마더스",41508,"프랑스","","(주)싸이더스","청소년관람불가","드라마","앤 폰테인",71040,378,3858
"451","투모로우랜드",42151,"미국","월트 디즈니 픽쳐스","월트디즈니컴퍼니코리아(주)","12세이상관람가","액션,어드벤처,미스터리,SF","브래드 버드",265744,417,14625
"452","툼스톤",41900,"미국","","(주)인벤트스톤","청소년관람불가","액션,범죄,드라마,미스터리,스릴러","스콧 프랭크",242707,1602,16226
"453","트랜센던스",41773,"미국","","롯데쇼핑㈜롯데엔터테인먼트","12세이상관람가","SF,액션,드라마","월리 피스터",692802,432,23175
"454","트랜스포머: 사라진 시대",41815,"미국","","씨제이이앤엠(주)","12세이상관람가","액션,SF,어드벤처","마이클 베이",5295801,309,107864
"455","트랜스포터: 리퓰드",42292,"프랑스","","씨네그루(주)다우기술","15세이상관람가","액션,범죄,스릴러","카밀 들라마레",161245,690,10083
"456","트럼보",42467,"미국","","그린나래미디어(주),(주)프레인글로벌","15세이상관람가","드라마","제이 로치",59313,776,5015
"457","특별수사: 사형수의 편지",42537,"한국","(주)콘텐츠케이","(주)넥스트엔터테인먼트월드(NEW)","15세이상관람가","범죄,드라마","권종관",1221809,352,39258
"458","특종: 량첸살인기",42299,"한국","(주)우주필름,(주)뱅가드스튜디오","롯데쇼핑㈜롯데엔터테인먼트","15세이상관람가","스릴러","노덕",614151,353,31727
"459","파더 앤 도터",42348,"미국","","(주)박수엔터테인먼트","15세이상관람가","드라마","가브리엘 무치노",59490,451,5508
"460","파라노말 액티비티: 더 고스트 디멘션",42481,"미국","","(주)박수엔터테인먼트","15세이상관람가","미스터리,공포(호러)","그레고리 플로킨",54972,408,5654
"461","판타스틱 4",42236,"미국","","이십세기폭스코리아(주)","12세이상관람가","액션,판타지,SF","조쉬 트랭크",399667,523,16241
"462","패딩턴",42011,"영국","","롯데쇼핑㈜롯데엔터테인먼트","전체관람가","코미디,가족,어드벤처","폴 킹",313400,428,9775
"463","패션왕",41949,"한국","주식회사 와이랩,(주)노마드필름","(주)넥스트엔터테인먼트월드(NEW)","15세이상관람가","코미디,드라마","오기환",592160,409,25472
"464","팬",42285,"미국","","워너브러더스 코리아(주)","전체관람가","판타지,어드벤처","조 라이트",185888,222,8988
"465","퍼시 잭슨과 괴물의 바다",41529,"미국","","이십세기폭스코리아(주)","12세이상관람가","판타지,어드벤처","쏘어 프류덴탈",519584,312,17054
"466","페이스 오브 러브",41745,"미국","","(주)영화사 빅","15세이상관람가","드라마,멜로/로맨스","아리 포신",78436,409,5496
"467","포레스트: 죽음의 숲",42459,"미국","","유니버설픽쳐스인터내셔널 코리아(유)","12세이상관람가","공포(호러)","제이슨 자다",50555,349,4506
"468","포인트 브레이크",42376,"미국","","(주)시네마서비스,(주)나이너스엔터테인먼트","15세이상관람가","범죄,액션","에릭슨 코어",294974,360,12111
"469","포커스",42061,"미국","","워너브러더스 코리아(주)","15세이상관람가","코미디,범죄,멜로/로맨스","글렌 피카라,존 레쿼",91164,251,6736
"470","포켓몬 더 무비 XY 후파: 광륜의 초마신",42361,"일본","","(주)이수C&E","전체관람가","애니메이션,어드벤처,판타지","유야마 쿠니히코",300466,561,6793
"471","폴리스 스토리 2014",41668,"중국","","유니버설픽쳐스인터내셔널 코리아(유)","15세이상관람가","액션,범죄,드라마,스릴러","딩성",152754,716,5486
"472","폼페이: 최후의 날",41690,"미국","","롯데쇼핑㈜롯데엔터테인먼트","15세이상관람가","액션,어드벤처,드라마","폴 W.S. 앤더슨",1373873,590,43288
"473","표적",41759,"한국","(주)바른손이앤에이,(주)용필름","씨제이이앤엠(주)","15세이상관람가","액션,드라마","창",2840777,70,72233
"474","퓨리",41963,"미국","","소니픽쳐스릴리징월트디즈니스튜디오스코리아(주)","15세이상관람가","액션,드라마,전쟁","데이비드 에이어",1362114,378,37155
"475","프란시스 하",41837,"미국","","그린나래미디어(주)","15세이상관람가","코미디,멜로/로맨스","노아 바움백",70170,208,3024
"476","프랑켄슈타인: 불멸의 영웅",41676,"미국","","(주)쇼박스","12세이상관람가","액션,SF,판타지","스튜어트 베티",299205,117,12113
"477","프랭크",41907,"영국","","(주)영화사 진진","15세이상관람가","코미디,드라마","레니 에이브러햄슨",51772,297,4304
"478","프리덤",42327,"미국","","(주)씨타마운틴픽쳐스","12세이상관람가","드라마,가족","피터 쿠센스",102893,458,3039
"479","프리즈너스",41549,"미국","","(주)넥스트엔터테인먼트월드(NEW),판씨네마(주)","청소년관람불가","범죄,드라마,스릴러","드니 빌뇌브",188084,679,7922
"480","플랜맨",41648,"한국","(주)영화사일취월장","롯데쇼핑㈜롯데엔터테인먼트","15세이상관람가","드라마","성시흡",632299,297,20459
"481","피끓는 청춘",41661,"한국","(주)담소필름","롯데쇼핑㈜롯데엔터테인먼트","15세이상관람가","코미디,멜로/로맨스,드라마","이연우",1676040,557,36081
"482","피치 퍼펙트: 언프리티 걸즈",42152,"미국","","유니버설픽쳐스인터내셔널 코리아(유)","15세이상관람가","코미디,뮤지컬","엘리자베스 뱅크스",75170,545,5379
"483","픽셀",42201,"미국","","유니버설픽쳐스인터내셔널 코리아(유)","12세이상관람가","액션,어드벤처","크리스 콜럼버스",681945,415,21307
"484","하늘에서 음식이 내린다면 2",41599,"미국","","소니픽쳐스릴리징월트디즈니스튜디오스코리아(주)","전체관람가","애니메이션,코미디,가족","코디 카메론,크리스 피언",797657,385,16334
"485","하늘을 걷는 남자",42305,"미국","","유니버설픽쳐스인터내셔널 코리아(유)","12세이상관람가","드라마","로버트 저메키스",238051,535,12006
"486","하이힐",41793,"한국","장차앤코","롯데쇼핑㈜롯데엔터테인먼트","청소년관람불가","범죄,액션","장진",341606,226,16748
"487","하트 오브 더 씨",42341,"미국","","워너브러더스 코리아(주)","12세이상관람가","액션,어드벤처,드라마","론 하워드",809827,445,29221
"488","한공주",41746,"한국","리 공동체 영화사","CGV아트하우스","청소년관람불가","드라마","이수진",223199,584,12283
"489","함정",42257,"한국","(주)데이드림 엔터테인먼트","(주)인벤트스톤","청소년관람불가","스릴러,범죄","권형진",257716,572,10898
"490","해무(海霧)",41864,"한국","(주)해무,(주)루이스 픽쳐스","(주)넥스트엔터테인먼트월드(NEW)","청소년관람불가","드라마","심성보",1465214,910,33396
"491","해어화",42473,"한국","더램프(주)","롯데쇼핑㈜롯데엔터테인먼트","15세이상관람가","사극,드라마","박흥식",484090,621,32294
"492","해적: 바다로 간 산적",41857,"한국","(주)하리마오픽쳐스","롯데쇼핑㈜롯데엔터테인먼트","12세이상관람가","어드벤처","이석훈",8357160,278,117601
"493","허삼관",42018,"한국","(주)두타연,(주)판타지오픽쳐스","(주)넥스트엔터테인먼트월드(NEW)","12세이상관람가","드라마","하정우",955175,557,27640
"494","허큘리스",41857,"미국","","워너브러더스 코리아(주)","15세이상관람가","액션,어드벤처","브렛 래트너",86528,661,4312
"495","헌츠맨: 윈터스 워",42473,"미국","","유니버설픽쳐스인터내셔널 코리아(유)","12세이상관람가","액션,어드벤처","세딕 니콜라스 트로얀",444374,630,25762
"496","헝거게임: 더 파이널",42326,"미국","라이온스 게이트 필름즈","롯데쇼핑㈜롯데엔터테인먼트","15세이상관람가","액션,어드벤처","프란시스 로렌스",806119,630,26972
"497","헝거게임: 모킹제이",41963,"미국","라이온스 게이트 필름즈","롯데쇼핑㈜롯데엔터테인먼트","15세이상관람가","어드벤처,SF,스릴러","프란시스 로렌스",854377,390,28796
"498","헝거게임: 캣칭 파이어",41599,"미국","라이온스 게이트 필름즈","롯데쇼핑㈜롯데엔터테인먼트","15세이상관람가","판타지,액션","프란시스 로렌스",1125739,167,33686
"499","헤라클레스 : 레전드 비긴즈",41739,"미국","","(주)넥스트엔터테인먼트월드(NEW)","15세이상관람가","액션,판타지","레니 할린",221327,422,14217
"500","헤이트풀8",42376,"미국","","(주)누리픽쳐스","청소년관람불가","액션,스릴러,서부극(웨스턴)","쿠엔틴 타란티노",118855,572,4650
"501","헬머니",42068,"한국","(주)전망좋은 영화사,TCO(주)더콘텐츠온","(주)넥스트엔터테인먼트월드(NEW)","청소년관람불가","코미디","신한솔",522625,926,24833
"502","협녀, 칼의 기억",42229,"한국","(주)티피에스컴퍼니","롯데쇼핑㈜롯데엔터테인먼트","15세이상관람가","사극,액션","박흥식",430492,811,16095
"503","호빗: 다섯 군대 전투",41990,"미국","","워너브러더스 코리아(주)","12세이상관람가","어드벤처,판타지","피터 잭슨",2835800,956,51160
"504","호빗: 스마우그의 폐허",41620,"미국","","워너브러더스 코리아(주)","12세이상관람가","어드벤처,드라마,판타지","피터 잭슨",2280155,532,39496
"505","혹성탈출: 반격의 서막",41830,"미국","","이십세기폭스코리아(주)","12세이상관람가","액션,드라마,SF,스릴러","맷 리브스",4001986,817,72869
"506","홈",42145,"미국","","씨제이이앤엠(주)","전체관람가","애니메이션,어드벤처,판타지","팀 존슨",360119,182,10465
"507","화이: 괴물을 삼킨 아이",41556,"한국","나우필름(주),파인하우스필름㈜,(주)쇼박스","(주)쇼박스","청소년관람불가","액션,스릴러","장준환",2391830,327,59011
"508","화이트 고릴라",41578,"스페인","","(주)마인스 엔터테인먼트,(주)박수엔터테인먼트","전체관람가","애니메이션","안드레스 G. 슈에",71617,423,2168
"509","화장",42103,"한국","(주)명필름","(주)리틀빅픽쳐스","청소년관람불가","드라마","임권택",140740,362,13787
"510","황제를 위하여",41801,"한국","오퍼스픽쳐스","유나이티드픽처스(주)","청소년관람불가","액션,범죄","박상준",592041,1095,26733
"511","히든 카드",41543,"미국","","이십세기폭스코리아(주)","청소년관람불가","범죄,스릴러","브래드 퍼맨",151476,272,10423
"512","히말라야",42354,"한국","(주)제이케이필름","씨제이이앤엠(주)","12세이상관람가","드라마","이석훈",7651736,NA,136422
"513","히트맨: 에이전트 47",42250,"미국","","이십세기폭스코리아(주)","15세이상관람가","액션,범죄,스릴러","알렉산더 바흐",64157,NA,4501
